"STATION","DATE","LATITUDE","LONGITUDE","ELEVATION","NAME","IMMA_VER","ATTM_CT","TIME_IND","LL_IND","SHIP_COURSE","SHIP_SPD","NAT_SOURCE_IND","ID_IND","WIND_DIR_IND","WIND_DIR","WIND_SPD_IND","WIND_SPEED","VV_IND","VISIBILITY","PRES_WX","PAST_WX","SEA_LVL_PRES","CHAR_PPP","AMT_PRES_TEND","IND_FOR_TEMP","AIR_TEMP","IND_FOR_WBT","WET_BULB_TEMP","DEW_PT_TEMP","SST_MM","SEA_SURF_TEMP","TOT_CLD_AMT","LOW_CLD_AMT","LOW_CLD_TYPE","CLD_HGT","MID_CLD_TYPE","HI_CLD_TYPE","WAVE_DIR","WAVE_PERIOD","WAVE_HGT","SWELL_DIR","SWELL_PERIOD","SWELL_HGT","TEN_BOX_NUM","ONE_BOX_NUM","DECK","SOURCE_ID","PLATFORM_ID","DUP_STATUS","DUP_CHK","NIGHT_DAY_FLAG","TRIM_FLAG","NCDC_QC_FLAGS","OB_SOURCE","STA_WX_IND","PAST_WX2","DIR_OF_SWELL2","PER_OF_SWELL2","HGT_OF_SWELL2","THICKNESS_OF_I","CONCEN_OF_SEA_ICE","IND_FOR_PRECIP"
"2ICJ3","2017-09-01T11:00:00","26.90","-116.10",,,"1","6","2","5","3","3",,"1",,"320","3","31","1","98","2","0","10083","4","0","8","240",,"210","194","3","217","0","0","0","9","0","0",,"5","2",,,,"238","66","798","172","5","1","2","1","111111","111111111111A1","5",,"0",,,,,,
"V7EG5","2017-09-01T11:00:00","25.00","-117.70",,,"1","6","2","5","3","3",,"1",,"350",,"77","1","96","3","2","10080","8","10","8","220","0","210","206","3","250","7","7","7","2","9","A","35","12","3","36","12","3","238","57","798","172","5","1","2","1","111111","11141111111111","5",,"2",,,,,,
"A8LP6","2017-09-01T15:00:00","21.20","-112.60",,,"1","6","2","5","7","4",,"1",,"230","4","154","1","98","2","2","10050","5","0","8","270",,,,"3","266","8","8","7","2","A","A",,"5","4","20","10","5","238","12","798","172","5","1","2","2","11551F","1111111AA11111","5",,"2",,,,,,
"A8LP6","2017-09-01T17:00:00","21.80","-113.40",,,"1","6","2","5","7","4",,"1",,"230","4","144","1","96","2","1","10060","0","10","8","260",,"250","246","3","260","3","3","6","3","1","0",,,"8","20","1","4","238","13","798","172","5","1","2","2","115511","11141111111311","5",,"1",,,,,,
"V7EG5","2017-09-01T18:00:00","24.10","-116.60",,,"1","6","2","5","3","3",,"1",,"330",,"67","1","98","3","2","10090","4","0","8","280","0","260","253","3","260","6","3","6","2","5","5","33","2","3","7","2","3","238","46","798","172","5","1","2","2","131111","11111111111111","5",,"2",,,,,,
"2ICJ3","2017-09-01T19:00:00","25.10","-115.20",,,"1","6","2","5","3","3",,"1",,"310","3","77","1","97","2","2","10078","4","0","8","241",,"232","228","3","226","6","5","7","3","7","A",,"3","1",,,,"238","55","798","172","5","1","2","2","111111","111111111111A1","5",,"2",,,,,,
"2ICJ3","2017-09-01T23:00:00","24.20","-114.70",,,"1","6","2","5","3","3",,"1",,"320","4","31","1","97","2","2","10058","7","5","8","230",,"210","199","3","227","8","8","7","2","A","A",,"5","2",,,,"238","44","798","172","5","1","2","2","111111","111111111111A1","5",,"2",,,,,,
"A8LP6","2017-09-02T00:00:00","22.90","-114.70",,,"1","4","0","0","7","4",,"1","0","250","4","103",,"98","2","1","10040","4","0","0","270",,,,"3","260","6","6","6","2","1","A",,"4","4","38","10","4","238","24","992","114","5","1","2","2","11312F","1111111AA11111",,"1","1",,,,,,"4"
"BKIF","2017-09-02T00:00:00","22.50","-117.50",,,"1","6","2","5","7","3",,"1",,"270","4","77","1","98",,"0","10090",,,"8","260",,"230","215","1","270","6","6","1","4","7","3",,"3","4","12","3","4","238","27","798","172","5","1","2","2","113111","111A111111111A","5",,"0",,,,"0","0",
"LAQQ7","2017-09-02T00:00:00","26.60","-118.40",,,"1","6","2","5","3","3",,"1",,"310","4","51","1","96","2","2","10105","7","10","8","240",,"220","211","1","230","7","7","4","1","8","8",,"12","2","35","10","2","238","68","798","172","5","1","2","2","111111","11141111111111","5",,"2",,,,,,
"V7EG5","2017-09-02T05:00:00","22.90","-114.60",,,"1","6","2","5","3","3",,"1",,"200",,"62","1","98","3","2","10090","3","20","8","240","0","240","240","3","270","5","5","1","3","6","5","20","3","4",,,,"238","24","798","172","5","0",,"1","111313","111111111111A1","5",,"2",,,,,,
"LAQQ7","2017-09-02T06:00:00","25.60","-117.20",,,"1","6","2","5","3","3",,"1",,"320","4","77",,,,,"10125","1","15","8","220",,"210","205","1","233","8","8","9","A","7","A",,"5","3","14","5","3","238","57","798","172","5","1","2","1","111111","11AAA111111111","5",,,,,,,,
"V7EG5","2017-09-02T11:00:00","22.30","-113.40",,,"1","6","2","5","3","3",,"1",,"280",,"108","1","96","3","2","10100","4","0","8","250","0","245","243","3","270","7","7","7","2","9","A","28","12","3",,,,"238","23","798","172","5","0",,"1","113111","111411111111A1","5",,"2",,,,,,
"LAQQ7","2017-09-02T12:00:00","24.60","-116.10",,,"1","6","2","5","3","3",,"1",,"250","4","82","1","95","3","2","10120","7","10","8","220",,"210","205","1","250","8","7","9","2","9","7",,"12","3","25","10","2","238","46","798","172","5","1","2","1","113111","11141111111111","5",,"2",,,,,,
"2ICJ3","2017-09-02T15:00:00","20.80","-113.60",,,"1","6","2","5","4","3",,"1",,"270","4","51","1","98","2","2","10127","3","5","8","270",,"260","256","3","256","6","5","7","2","7","A",,"5","1","13","5","1","238","3","798","172","5","1","2","2","111111","11111111111111","5",,"2",,,,,,
"A8LP6","2017-09-02T15:00:00","25.80","-118.00",,,"1","6","2","5","7","4",,"1",,,"4",,"1","98","2","2","10080","5","10","8","220",,,,"3","228","8","8","7","2","A","A",,"4","3","33","10","4","238","58","798","172","5","1","2","2","11711F","1111111AA11111","5",,"2",,,,,,
"DGZR2","2017-09-02T15:00:00","27.60","-118.50",,,"1","6","2","5","3","4",,"1",,"320",,"93","1","97","1","2","10105","3","7","8","208",,,"184","1","220","8","6","7","2","7","A","32","10","3",,,,"238","78","798","172","5","1","2","2","111111","1111111A1111A1","5",,"2",,,,,,
"DGZR2","2017-09-02T18:00:00","27.10","-117.70",,,"1","6","2","5","3","4",,"1",,"300",,"93","1","97","2","2","10114","3","5","8","235",,,,"1","220","8",,"7","3","A","A","30","6","4","33","8","3","238","77","798","172","5","1","2","2","11111F","1111111AA11111","5",,"2",,,,,,
"LAQQ7","2017-09-02T18:00:00","23.60","-114.90",,,"1","6","2","5","3","3",,"1",,"310","4","62",,,,"2","10150","6","10","8","260",,"240","232","1","254","8","8","6","A","2","A",,"3","2","13","5","3","238","34","798","172","5","1","2","2","111111","11AA1111111111","5",,"2","14","4","3",,,
"OZWA2","2017-09-02T18:00:00","28.70","-120.00",,,"1","4","0","0","3","5",,"1","0","290","4","93",,"97","2","2","10087",,,"0","213","0","194","183","1","190","8","8","0","8","7","A",,"3","2","38","7","2","237","80","992","114","5","1","2","2","113111","1111111111111A",,"1","2",,,,,,"4"
"OZWA2","2017-09-02T21:00:00","28.10","-119.00",,,"1","6","2","5","3","5",,"1",,"310","4","72","1","96","5","2","10088",,,"8","230",,"210","199","1","200","8",,"7","2","A","A",,,,,,,"238","89","798","172","5","1","2","2","111111","11111111111AAA","5",,"2",,,,,,
"V7EG5","2017-09-02T22:00:00","21.30","-111.10",,,"1","6","2","5","3","3",,"1",,"220",,"72","1","97","3","1","10120","8","10","8","280","0","269","265","3","290","5","4","4","4","8","4","22","12","3","22","12","3","238","11","798","172","5","0",,"2","111111","11111111111111","5",,"1",,,,,,
"OZWA2","2017-09-03T03:00:00","26.80","-117.10",,,"1","5","2","5","3","5",,"1",,"270","4","93","1","96","2","2",,,,,,,,,,,,,"A",,"A","A",,,,,,,"238","67","798","172","5","1","2","1","FF31FF","11141AAAAA8AAA","5",,"2",,,,,,
"DGZR2","2017-09-03T06:00:00","24.90","-114.50",,,"1","6","2","5","3","4",,"1",,"260",,"41","1","98","3","1","10146","3","16","8","230",,,,"1","230","6",,"5","4","A","A","26","4","1","32","6","2","238","44","798","172","5","1","2","1","11111F","1111111AA11111","5",,"1",,,,,,
"DGZR2","2017-09-03T15:00:00","23.30","-112.20",,,"1","6","2","5","3","4",,"1",,"360",,"62","1","98","1","2","10149","2","11","8","257",,,"224","1","240","6","2","1","4","6","9","36","8","1","20","15","3","238","32","798","172","5","1","2","2","111111","1111111A111111","5",,"2","30","15","3",,,
"DGZR2","2017-09-03T18:00:00","22.70","-111.40",,,"1","6","2","5","3","4",,"1",,"360",,"77","1","98","3","1","10149","4","0","8","298",,,,"1","260","6","3","4","5","6","A","36","3","2","18","10","4","238","21","798","172","5","1","2","2","11111F","1111111AA11111","5",,"1",,,,,,
"VRNF3","2017-09-03T19:00:00","26.80","-114.90",,,"1","6","2","5","3","3",,"1",,"230","4","51","1","98",,"2","10168",,,"8","260",,"250","246","1","240","4","4","6","2","4","7",,"3","1","22","10","3","238","64","798","172","5","1","2","2","111111","111A111111111A","5",,"2",,,,,,
"A8MW6","2017-09-04T12:00:00","23.20","-111.80",,,"1","6","2","5","7","4",,"1",,"320","4","77","1","98","1","1","10130","6","20","8","257",,"238","229","3","310","2","0","0","9","0","5",,"4","2","20","15","3","238","31","798","172","5","1","2","1","111111","11111111111111","5",,"1",,,,,,
"9V9290","2017-09-04T18:00:00","26.30","-115.60",,,"1","6","2","5","3","4",,"1",,"10","4","36","1","97","1","2","10170","4","0","8","230",,"200","183","1","240","6","6","7","6","7","A",,"2","1",,,,"238","65","798","172","5","1","2","2","111111","111111111111A1","5",,"2",,,,,,
"VRNF3","2017-09-04T19:00:00","22.70","-111.10",,,"1","6","2","5","3","3",,"1",,"30","4","51","1","98",,"0","10128",,,"8","300",,"300","300","1","280","2","2","1","0","A","1",,"4","1","20","10","3","238","21","798","172","5","1","2","2","111113","111A111111111A","5",,"0",,,,,,
"9V9290","2017-09-05T00:00:00","25.00","-113.70",,,"1","6","2","5","3","4",,"1",,"190","4","82","1","98","2","0","10140","7","30","8","220",,"180","154","1","250","4","3","1","5","6","8",,,,,,,"238","53","798","172","5","1","2","2","111511","11111111111AA1","5",,"0",,,,,,
"A8MW6","2017-09-05T00:00:00","25.70","-113.90",,,"1","6","2","5","7","4",,"1",,"310","4","77","1","98","2","2","10120","6","15","8","233",,"210","200","3","280","3","0","0","9","0","5",,"1","1","22","13","3","238","53","798","172","5","1","2","2","111111","11111111111111","5",,"2",,,,,,
"TBWUK76","2017-09-07T16:00:00","25.30","-114.60",,,"1","4","0","0","3","4",,"1","0","360","4","51",,"97","1",,"10125","3",,"0","251",,,"210",,,,,"2","A","A","A",,"2","0","27","8","2","238","54","992","114","5","1","2","2","F11111","1111A11A1A8117",,"1",,,,,,,"4"
"D5CL4","2017-09-07T18:00:00","28.10","-118.90",,,"1","6","2","5","3","4",,"1",,"330","4","82","1","98","3","1","10165","3","5","8","225",,"195","180","3","200","4","4","4","5","6","2",,"3","1",,,,"238","88","798","172","5","1","2","2","111111","111111111111A1","5",,"1",,,,,,
"D5CL4","2017-09-07T21:00:00","27.60","-118.10",,,"1","6","2","5","3","4",,"1",,"340","4","98","1","98","2","2","10150","6","10","8","225",,"195","180","3","210","6","6","1","4","A","A",,"8","4",,,,"238","78","798","172","5","1","2","2","111111","111111111111A1","5",,"2",,,,,,
"D5CL4","2017-09-08T09:00:00","25.70","-115.30",,,"1","6","2","5","3","4",,"1",,"20","4","41","1","98","2","2","10125","4","0","8","225",,"205","196","3","220","8","8","6","2","A","A",,"6","1",,,,"238","55","798","172","5","1","2","1","111111","111111111111A1","5",,"2",,,,,,
"D5CL4","2017-09-08T21:00:00","23.70","-112.50",,,"1","6","2","5","3","4",,"1",,"320","4","21","1","98","2","0","10125","5","5","8","225",,"195","180","3","220","3","3","1","4","A","A",,"6","1","14","6","3","238","32","798","172","5","1","2","2","111111","11111111111111","5",,"0",,,,,,
"VRGH3","2017-09-08T21:00:00","27.60","-118.10",,,"1","6","2","5","3","4",,"1",,"350","4","82","1","98","2","2","10150","4","0","8","220",,"190","172","1","240","8","8","7","2","1","A",,"10","4","33","10","4","238","78","798","172","5","1","2","2","111111","11111111111111","5",,"2",,,,,,
"A8JE6","2017-09-09T01:00:00","23.00","-111.50",,,"1","6","2","5","7","4",,"1",,"310","4","51","1","98","2","0","10095","5","8","8","275",,"246","235","3","280","1","1","1","4","A","A",,,"1","31","6","3","238","31","798","172","5","1","2","2","111111","11111111111311","5",,"0",,,,,,
"A8JE6","2017-09-09T06:00:00","23.80","-112.60",,,"1","4","0","0","7","3",,"1","0","320","4","36",,"97",,,"10110","4","0","0","250","0","235","229",,,,,,"A",,,,,,"0",,,"238","32","992","114","5","1","2","1","F11111","111AA1111A8A31",,"1",,"0",,,,,"4"
"A8JE6","2017-09-09T12:00:00","24.70","-113.80",,,"1","5","2","5","7","3",,"1",,"350","4","72","1","98","2","2","10130","4","0","8","230",,"215","208",,,"8","2","7","2","7","0",,"6","2",,,,"238","43","798","172","5","1","2","1","F11111","111111111A11A1","5",,"2",,,,,,
"A8JE6","2017-09-09T18:00:00","25.60","-115.20",,,"1","4","0","0","7","3",,"1","0","10","4","36",,"98","2","2","10145","1","5","0","240","0","215","204",,,"8",,"7","2","1","A",,,"1","0",,,"238","55","992","114","5","1","2","2","F11111","111111111A1331",,"1","2","0",,,,,"4"
"VRGH3","2017-09-09T20:00:00","23.10","-111.10",,,"1","6","2","5","3","4",,"1",,"350","4","82","1","98","2","1","10140","2","30","8","270",,"250","241","1","290","5","5","1","4","0","0",,"10","4","35","10","4","238","31","798","172","5","1","2","2","111111","11111111111111","5",,"1",,,,,,
"A8JE6","2017-09-10T00:00:00","26.60","-116.60",,,"1","6","2","5","7","3",,"1",,"360","4","82","1","98","3","2","10135","6","5","8","220",,"185","166","3","240","8","2","7","2","7","0",,"6","3","31","7","3","238","66","798","172","5","1","2","2","111111","11111111111111","5",,"2",,,,,,
"CQGU","2017-09-10T02:00:00","26.40","-115.80",,,"1","6","2","5","7","3",,"1",,"310","4","77","1","97","0","0","10105","4","0","8","230",,"210","201","3","230","8",,"6","2","0","0",,"10","3",,,,"238","65","798","172","5","0",,"1","111111","111111111111A1","5",,"0",,,,,,
"A8JE6","2017-09-10T06:00:00","27.60","-117.90",,,"1","4","0","0","7","3",,"1","0","10","4","77",,,,,"10140","4","0","0","210","0","190","180",,,,,,"A",,,,,"1","0",,,"238","77","992","114","5","1","2","1","F11111","11AAA1111A8331",,"1",,"0",,,,,"4"
"DGWF2","2017-09-10T10:00:00","22.00","-110.50",,,"1","6","2","5","7","4",,"1",,"360",,"77","1","98","2","1","10099","6","6","8","270",,,"235","1","280","5","5","8","5","9","2","36","3","3",,,,"238","20","798","172","5","0",,"1","111111","1111111A1111A1","5",,"1",,,,,,
"A8JE6","2017-09-10T12:00:00","28.50","-119.30",,,"1","5","2","5","7","3",,"1",,"360","4","82","1","98","2","2","10160","4","0","8","205",,"180","167",,,"7","3","7","2","7","0",,"5","3",,,,"238","89","798","172","5","1","2","1","F11111","111111111A11A1","5",,"2",,,,,,
"A8MW6","2017-09-10T12:00:00","29.60","-117.90",,,"1","6","2","5","3","4",,"1",,"350","1","150","1","98","2","2","10156","4","0","8","205",,"183","171","3","250","7","7","0","9","1","0",,"4","2","29","12","3","238","97","798","172","5","1","2","1","311411","11111111111111","5",,"2",,,,,,
"CQGU","2017-09-10T14:00:00","24.60","-113.20",,,"1","6","2","5","7","3",,"1",,"310","4","77","1","97","0","0","10110","3","5","8","240",,"220","211","3","260","6","5","6","3","0","0",,"10","4",,,,"238","43","798","172","5","1","2","2","111111","111111111111A1","5",,"0",,,,,,
"DGWF2","2017-09-10T22:00:00","24.20","-113.60",,,"1","6","2","5","7","4",,"1",,"360",,"51","1","98","3","2","10103","7","9","8","260",,,"203","1","250","6","6","7","3","7","2","36","2","1",,,,"238","43","798","172","5","0",,"2","111111","1111111A1111A1","5",,"2",,,,,,
"A8MW6","2017-09-11T01:00:00","27.10","-115.50",,,"1","6","2","5","3","4",,"1",,"310","1","140","1","98","2","1","10122","6","30","8","237",,"205","190","3","260","4","2","1","4","4","0",,"4","2","30","12","3","238","75","798","172","5","1","2","2","113111","11111111111111","5",,"1",,,,,,
"A8MW6","2017-09-11T12:00:00","24.60","-113.10",,,"1","6","2","5","3","4",,"1",,"340","1","110","1","98","3","2","10115","4","0","8","242",,"214","201","3","290","8",,"0","7","7","0",,"4","1","30","13","3","238","43","798","172","5","1","2","1","111111","14111111111411","5",,"2",,,,,,
"SHIP","2017-09-11T17:00:00","21.50","-119.20",,,"1","5","2","5","7","3",,"2",,"30","4","87","1","98","3","1","10135","1","50","8",,"0",,,,,"4","3","3","6","3","3",,"4","2","8","4","2","238","19","798","172","5","0",,"2","FF111F","111111A11A1111","5",,"1","7","4","2",,,
"DGWF2","2017-09-11T18:00:00","28.10","-119.20",,,"1","6","2","5","7","4",,"1",,"350",,"36",,,"3","0","10142",,,"8","225",,,"158","1","220",,,"A",,"A","A",,,,,,,"238","89","798","172","5","1","2","2","111111","11A1111A118AAA","5",,"0",,,,,,
"A8MW6","2017-09-12T00:00:00","22.40","-110.50",,,"1","6","2","5","3","4",,"1",,"350","1","80","1","98","2","0","10105","4","0","8","287",,"250","236","3","330","2","0","0","9","0","5",,"2","1","22","13","3","238","20","798","172","5","1","2","2","311111","11111111111111","5",,"0",,,,,,
"OWNT2","2017-09-14T00:00:00","29.00","-120.00",,,"1","6","2","5","3","4",,"1",,"310","4","31","1","98","2","0","10125","6","7","8","235",,"201","181","1","231","0","0","0","9","0","0",,"2","1","30","8","3","237","90","798","172","5","1","2","2","111111","11111111111111","5",,"0",,,,,,
"OWNT2","2017-09-14T06:00:00","27.80","-118.30",,,"1","6","2","5","3","4",,"1",,"320","4","67","1","98","2","1","10142","4","0","8","208",,"192","183","1","244","0","0","0","9","0","0",,"4","1","27","10","4","238","78","798","172","5","1","2","1","111111","11111111111111","5",,"1",,,,,,
"VROX6","2017-09-14T06:00:00","23.80","-111.50",,,"1","4","0","0","7","4",,"1","0","10","3","51",,"98","2","2","10119","1","20","0","270","0","240","228","1","270","6",,"1","2","6","2",,"4","2",,,,"238","31","992","114","5","1","2","1","111111","111111111111A1",,"1","2",,,,,,"4"
"OWNT2","2017-09-14T12:00:00","26.60","-116.70",,,"1","6","2","5","3","4",,"1",,"350","4","103","1","98","3","1","10121","7","4","8","214",,"195","184","1","250","5","5","1","4","0","0",,"3","1","27","9","3","238","66","798","172","5","1","2","1","111111","11111111111111","5",,"1",,,,,,
"OWNT2","2017-09-14T18:00:00","25.40","-115.00",,,"1","6","2","5","3","4",,"1",,"340","4","82","1","98","2","1","10128","4","0","8","245",,"220","207","1","257","5","5","1","4","0","0",,"3","1","26","10","3","238","55","798","172","5","1","2","2","111111","11111111111111","5",,"1",,,,,,
"A8LL9","2017-09-15T00:00:00","26.10","-119.80",,,"1","6","2","5","3","4",,"1",,"10","4","36","1","98","2",,"10140","4","0","8","235",,"190","166","3","225","1","1","1","6","A","A",,"3","1","34","10","2","238","69","798","172","5","1","2","2","111111","1111A111111111","5",,,,,,,,
"CQCU","2017-09-15T00:00:00","25.70","-120.00",,,"1","6","2","5","3","4",,"1",,"10","4","62","1","98","2","0","10142","6","15","8","225",,"190","172","3","220","3","3","1","3","0","0",,"5","1","36","12","3","237","50","798","172","5","1","2","2","111111","11111111111111","5",,"0",,,,,,
"OWNT2","2017-09-15T00:00:00","24.30","-113.30",,,"1","6","2","5","3","4",,"1",,"320","4","62","1","98","3","1","10098","8","10","8","274",,"245","232","1","268","5","5","2","4","0","0",,"3","2","14","8","4","238","43","798","172","5","1","2","2","111111","11111111111111","5",,"1",,,,,,
"CQCU","2017-09-15T03:00:00","25.20","-119.30",,,"1","6","2","5","3","4",,"1",,"360","4","57","1","98","2","0","10145","2","2","8","220",,"195","183","3","220","2",,"1","2","0","0",,"5","1","36","12","3","238","59","798","172","5","1","2","1","111111","11111111111111","5",,"0",,,,,,
"2ILJ7","2017-09-15T06:00:00","23.10","-111.40",,,"1","6","2","5","7","3",,"1",,"320","4","67","1","97","1","2","10110",,,"8","261",,"245","238","1","290","1","1","1","5","4","1",,,,,,,"238","31","798","172","5","1","2","1","111111","11111111111AAA","5",,"2",,,,,,
"CQCU","2017-09-15T06:00:00","24.60","-118.40",,,"1","6","2","5","3","4",,"1",,"30","4","72","1","98","0","0","10152","0","5","8","220",,"196","184","3","230","3","2","1","4","6","A",,,,,,,"238","48","798","172","5","1","2","1","111111","11111111111AA1","5",,"0",,,,,,
"OWNT2","2017-09-15T06:00:00","23.10","-111.70",,,"1","6","2","5","3","4",,"1",,"320","4","67","1","98","2","1","10116","1","3","8","250",,"238","232","1","289","0","0","0","9","0","0",,"3","1","19","10","4","238","31","798","172","5","1","2","1","111111","11111111111111","5",,"1",,,,,,
"CQCU","2017-09-15T09:00:00","24.00","-117.70",,,"1","6","2","5","3","4",,"1",,"20","4","67","1","98","2","0","10137","7","11","8","220",,"200","190","3","220","3","2","1","3","4","5",,,,,,,"238","47","798","172","5","1","2","1","111111","11111111111AA1","5",,"0",,,,,,
"A8LL9","2017-09-15T12:00:00","23.10","-116.80",,,"1","6","2","5","3","4",,"1",,"10","4","82","1","98","3",,"10135","7","20","8","230",,"200","185","3","259","2","2","4","5","A","A",,"3","1","18","10","3","238","36","798","172","5","1","2","1","111111","1111A111111111","5",,,,,,,,
"CQCU","2017-09-15T12:00:00","23.40","-117.00",,,"1","6","2","5","3","4",,"1",,"350","4","82","1","98","3","0","10128","6","11","8","230",,"205","193","3","240","6","4","7","1","0","0",,"5","2","35","12","3","238","37","798","172","5","1","2","1","111111","11111111111111","5",,"0",,,,,,
"VRLN5","2017-09-15T12:00:00","24.00","-117.70",,,"1","6","2","5","3","4",,"1",,"340",,"57","1","98","2","2","10140","4","0","8","210",,"185","172",,"245",,,,,,,,,,,,,"238","47","798","172","5","1","2","1","111111","1111111111AAA1","5",,"2",,,,,,
"CQCU","2017-09-15T15:00:00","22.40","-116.00",,,"1","4","0","0","3","4",,"1","0","10","4","93",,"98","3","2","10137","3","9","0","235","0","205","191","3","210","7","7","5","5","4","A",,"3","2","38","5","4","238","26","992","114","5","1","2","2","111111","11111111111111",,"1","2",,,,,,"4"
"2ILJ7","2017-09-15T18:00:00","24.90","-114.00",,,"1","6","2","5","7","3",,"1",,"340","4","98","1","97","1","2","10120","3","10","8","245",,"215","199","1","280","2","2","4","6","6","5",,"10","5","36","8","5","238","44","798","172","5","1","2","2","111111","11111111111111","5",,"2",,,,,,
"CQCU","2017-09-15T18:00:00","22.20","-115.60",,,"1","6","2","5","3","4",,"1",,"360","4","77","1","98","3","2","10142","2","4","8","260",,"225","210","3","250","6","5","4","4","6","A",,,,"18","6","4","238","25","798","172","5","1","2","2","111111","11111111111A11","5",,"2",,,,,,
"CQIB5","2017-09-15T18:00:00","22.00","-111.90",,,"1","6","2","5","7","3",,"1",,"60","4","57","1","98","1","0","10120","1","10","8","320",,"270","250","1","280","3","3","1","6","4","1",,"5","2",,,,"238","21","798","172","5","1","2","2","111111","111111111111A1","5",,"0",,,,,,
"CQCU","2017-09-15T21:00:00","21.60","-114.90",,,"1","6","2","5","3","4",,"1",,"350","4","82","1","98","2","2","10116","7","26","8","260",,"230","218","3","250","4","3","1","3","4","5",,"4","2","16","12","5","238","14","798","172","5","1","2","2","111111","11111111111111","5",,"2",,,,,,
"CQCU","2017-09-16T00:00:00","20.90","-114.30",,,"1","6","2","5","3","4",,"1",,"350","4","98","1","98","1","2","10100","6","18","8","260",,"230","218","3","260","3","2","1","2","6","A",,"5","2","16","8","5","238","4","798","172","5","1","2","2","111111","11111111111111","5",,"2",,,,,,
"CQIB5","2017-09-16T00:00:00","21.50","-113.10",,,"1","6","2","5","7","3",,"1",,"360","4","98","1","97",,"0","10100",,,"8","250",,,,"1","260","2","2","1","A","1","5",,"8","4",,,,"238","13","798","172","5","1","2","2","11111F","111A111AA111AA","5",,"0",,,,,,
"CQCU","2017-09-16T03:00:00","20.20","-113.60",,,"1","6","2","5","3","4",,"1",,"350","4","93","1","98","3","1","10102","0","2","8","260",,"242","235","3","250","7","6","A","5","A","A",,,,,,,"238","3","798","172","5","1","2","1","111111","11111111111AA1","5",,"1",,,,,,
"TBWUK89","2017-09-16T05:00:00","28.00","-117.20",,,"1","5","2","5","4","3",,"1",,"330","4","82","1","98","0","2","10151","2","14","8","208",,"178","158",,,"8","9","A","A","A","A",,"8","3","25","10","2","238","87","798","172","5","1","2","1","F11111","111111111A3111","5",,"2",,,,,,
"2ILJ7","2017-09-16T06:00:00","26.70","-116.60",,,"1","6","2","5","7","3",,"1",,"350","4","62","1","97","3","0","10130","4","0","8","219",,"189","171","1","230","5","5","5","4","7","A",,,,,,,"238","66","798","172","5","1","2","1","111111","11111111111AA1","5",,"0",,,,,,
"CQIB5","2017-09-16T06:00:00","23.00","-114.30",,,"1","4","0","0","7","3",,"1","0","360","4","93",,"98","2","1","10120","1","10","0","235","0","220","212","1","260",,,,"A",,,,"5","2",,,,"238","34","992","114","5","1","2","1","111111","111111111181A1",,"1","1",,,,,,"4"
"CQIB5","2017-09-16T12:00:00","23.50","-115.70",,,"1","4","0","0","6","3",,"1","0","30","4","93",,"97",,"2","10130","0",,"0","220",,,,"1","230","8",,,"6",,,,"7","4",,,,"238","35","992","114","5","1","2","1","11111F","111A111AA111A7",,"1","2",,,,,,"4"
"2ILJ7","2017-09-16T18:00:00","28.60","-119.30",,,"1","6","2","5","7","3",,"1",,"360","4","77","1","97","3","2","10160","2","20","8","220",,"183","159","1","220","4","3","4","4","6","8",,"10","4",,,,"238","89","798","172","5","1","2","2","111111","111111111111A1","5",,"2",,,,,,
"CQIB5","2017-09-16T18:00:00","23.80","-116.70",,,"1","6","2","5","7","3",,"1",,"10","4","72","1","98","2","2","10140",,,"8","240",,"210","194","1","250","7","5","2","8","7","A",,"3","1","18","4","4","238","36","798","172","5","1","2","2","111111","1111111111111A","5",,"2",,,,,,
"TBWUK89","2017-09-16T18:00:00","25.00","-117.00",,,"1","4","0","0","4","3",,"1","0","350","4","67",,"98","2","2","10158","1","11","0","240","0","198","173",,,"8","8","7","2","7","A",,"8","4","38","12","2","238","57","992","114","5","1","2","2","F11111","111111111A1111",,"1","2",,,,,,"4"
"VRHE3","2017-09-17T00:00:00","25.00","-119.30",,,"1","6","2","5","3","4",,"1",,"320","4","87","1","97",,"0","10160",,,"8","270",,"210","176","1","240","8","8","7","3","5","8",,"5","3","34","5","3","238","59","798","172","5","1","2","2","111111","111A111111111A","5",,"0","35","4","3",,,
"CQIB5","2017-09-17T06:00:00","24.60","-119.10",,,"1","4","0","0","7","3",,"1","0","50","4","62",,"98","2","2","10150","3",,"0","210","0","180","160","1","230",,,,"A",,,,"2","1",,,,"238","49","992","114","5","1","2","1","111111","111111111181A7",,"1","2",,,,,,"4"
"VRHE3","2017-09-17T06:00:00","23.80","-118.00",,,"1","6","2","5","3","4",,"1",,"20","4","87","1","98","3","2","10145","7","20","8","210",,"160","122","1","246","5","5","4","5","6","2",,"6","2","36","12","3","238","38","798","172","5","1","2","1","111111","11111111111111","5",,"2",,,,,,
"VRHE3","2017-09-17T12:00:00","22.50","-116.60",,,"1","6","2","5","3","4",,"1",,"10","4","98","1","98","2","1","10110","7","20","8","220",,"180","154","1","268","8","8","A","5","A","A",,"8","3","32","8","3","238","26","798","172","5","1","2","1","111111","11111111111111","5",,"1",,,,,,
"H3VS","2017-09-17T16:00:00","29.00","-116.20",,,"1","6","2","5","4","5",,"1",,"340","3","82","1","98","3","0","10170","1","20","8","230",,"190","169","3","210","3","2","1","5","0","0",,"7","2","34","10","4","238","96","798","172","5","1","2","2","111111","11111111111111","5",,"0",,,,,,
"TBWUK89","2017-09-17T17:00:00","20.40","-116.20",,,"1","5","2","5","3","3",,"1",,"310","4","77","1","98","2","2","10143","1","9","8","261",,"255","253",,,"8","8","7","3","7","0",,"7","4","4","10","4","238","6","798","172","5","1","2","2","F11111","111111111A1111","5",,"2",,,,,,
"VRHE3","2017-09-17T18:00:00","21.30","-115.30",,,"1","6","2","5","3","4",,"1",,"340","4","93","1","98","3","2","10130","4","0","8","250",,"220","205","1","270","6","6","4","5","6","4",,"6","2","34","12","4","238","15","798","172","5","1","2","2","111111","11111111111111","5",,"2",,,,,,
"H3VS","2017-09-17T21:00:00","27.40","-115.10",,,"1","6","2","5","3","4",,"1",,"350","3","108","1","98","0",,"10150","6","20","8","210",,"190","180","3","220","2","1","4","4","A","A",,"10","5","36","10","5","238","75","798","172","5","1","2","2","111111","1111A111111111","5",,,"34","11","4",,,
"H9LA","2017-09-18T00:00:00","23.40","-119.20",,,"1","6","2","5","3","4",,"1",,"30","4","103","1","97","3",,"10127","6","9","8","230","0","200","186","1","210","7","7","3","5","4","2",,"2","2","20","3","3","238","39","798","172","5","1","2","2","111111","1111A111111111","5",,,,,,,,
"VRHE3","2017-09-18T00:00:00","20.40","-113.70",,,"1","6","2","5","3","4",,"1",,"320","4","82","1","98","3","2","10110","4","0","8","310",,"250","223","1","300","7","5","7","6","7","A",,"7","3","33","8","3","238","3","798","172","5","1","2","2","111111","11111111111111","5",,"2",,,,,,
"H3VS","2017-09-18T01:00:00","26.50","-114.20",,,"1","6","2","5","3","4",,"1",,"320","3","103","1","98",,"0","10130","7","30","8","230",,"210","201","3","230","2","2","0","7","4","0",,"12","4",,,,"238","64","798","172","5","1","2","2","111111","111A11111111A1","5",,"0",,,,,,
"A8NQ7","2017-09-18T04:00:00","20.90","-111.50",,,"1","5","2","5","7","4",,"1",,"270",,"144","1","97","63",,,"7","35","8","240",,,,,,"8","6","9","5","2","A",,,"5",,,,"238","1","798","172","5","0",,"1","F1516F","1113A11AAA13A1","5",,,,,,,,
"H3VS","2017-09-18T04:00:00","25.80","-113.60",,,"1","6","2","5","3","4",,"1",,"310","3","93","1","97","3","0","10130","6","10","8","230",,"220","216","3","230","1","1","A","5","A","A",,"11","4","31","10","4","238","53","798","172","5","1","2","1","111111","11111111111111","5",,"0",,,,,,
"H9LA","2017-09-18T06:00:00","22.00","-117.00",,,"1","6","2","5","3","4",,"1",,"30","4","67","1","97","2","1","10143","3","5","8","220","0","200","190","1","230","3","2","A","5","A","A",,,,,,,"238","27","798","172","5","1","2","1","111111","11111111111AA1","5",,"1",,,,,,
"H3VS","2017-09-18T07:00:00","25.10","-112.90",,,"1","6","2","5","3","4",,"1",,"350","3","82","1","97","2","0","10130","6","0","8","250",,"230","222","3","230","1","1","A","A","A","A",,"10","4","35","10","5","238","52","798","172","5","1","2","1","111111","11111111111117","5",,"0",,,,,,
"H3VS","2017-09-18T09:00:00","24.60","-112.60",,,"1","6","2","5","3","4",,"1",,"10","3","87","1","98","0","0","10120","6","10","8","250",,"230","222","3","250","9","9","A","A","A","A",,"10","4",,,,"238","42","798","172","5","1","2","1","111111","111111111141A1","5",,"0",,,,,,
"H3VS","2017-09-18T12:00:00","24.00","-111.70",,,"1","6","2","5","3","4",,"1",,"70","3","41","1","98",,,"10100",,,"8","210",,"170","147","3",,,,"A",,"A","A",,"8","3",,,,"238","41","798","172","5","1","2","1","611111","111AA1111181AA","5",,,,,,,,
"H9LA","2017-09-18T12:00:00","20.70","-116.60",,,"1","6","2","5","3","4",,"1",,"360","4","113","1","98","3","1","10118","7","10","8","220","0","200","191","1","240","4","2","1","6","7","1",,"2","3","4","2","2","238","6","798","172","5","1","2","1","111111","11111111111111","5",,"1",,,,,,
"V7IK7","2017-09-18T12:00:00","21.10","-117.00",,,"1","4","0","0",,,,"1","0","30","3","103",,"97","2",,"10100",,,"0","230",,,,"3","230","8",,,"A",,,,,"4","36",,"4","238","17","992","114","5","1","2","1","11111F","1111A11AA1133A",,"1",,,,,,,"4"
"H3VS","2017-09-18T15:00:00","23.50","-110.90",,,"1","6","2","5","3","4",,"1",,"130","3","93","1","97","3","1","10130","4","0","8","290",,"260","250","3","290","5","5","A","A","A","8",,"10","5","14","10","5","238","30","798","172","5","1","2","2","112111","11111111111111","5",,"1",,,,,,
"A8NQ7","2017-09-18T16:00:00","22.20","-114.40",,,"1","5","2","5","8","4",,"1",,,,,"1","98",,,"10105","2","35","8","245",,,,,,"5","2","1","A","1","3",,,"6",,,,"238","24","798","172","5","0",,"2","F1711F","111AA11AAA13A1","5",,,,,,,,
"H3VS","2017-09-18T18:00:00","23.00","-110.20",,,"1","6","2","5","3","4",,"1",,"130","3","113","1","97","3","1","10130","6","0","8","290",,"260","250","3","290","6","6","2","4","0","8",,"11","6","18","11","6","238","30","798","172","5","1","2","2","114311","11111111111117","5",,"1",,,,,,
"V7IK7","2017-09-18T20:00:00","22.60","-119.20",,,"1","4","0","0",,,,"1","0","50","3","108",,"97","2",,"10140",,,"0","260",,,,"3","220","3",,,"A",,,,,"4","36",,"3","238","29","992","114","5","1","2","2","11211F","1111A11AA1133A",,"1",,,,,,,"4"
"A8NQ7","2017-09-18T22:00:00","23.80","-115.00",,,"1","6","2","5","6","4",,"1",,"360",,"139","1","98","2","1","10120","4","0","8","240","0","230","226","7","270","4","4","1","2","7","0","36","5","4","36","10","5","238","35","798","172","5","0",,"2","111411","11111111111111","5",,"1",,,,,,
"V7MF7","2017-09-18T23:00:00","25.60","-119.50",,,"1","6","2","5","3","3",,"1",,"30","3","67","1","98","1","2","10160","4","0","8","230",,"210","200","1","250","6","4","5","5","3","8",,"4","4","33","4","4","238","59","798","172","5","1","2","2","111111","11111111111111","5",,"1",,,,,,
"2HDG2","2017-09-19T00:00:00","23.50","-119.10",,,"1","6","2","5","3","4",,"1",,"20","4","72",,,,"2","10198","6","25","8","230",,"185","161","1","260","6","6","7","2","7","A",,,,,,,"238","39","798","172","5","1","2","2","111131","11AA1111111AA1","5",,"2",,,,,,
"A8NQ7","2017-09-19T04:00:00","25.50","-115.50",,,"1","5","2","5","8","4",,"1",,"360",,"129","1","98",,,"10120","3","20","8","200",,,,,,,,"1",,"A","6",,,"5",,,,"238","55","798","172","5","0",,"1","F1121F","111AA11AAA83A1","5",,,,,,,,
"C6QM8","2017-09-19T08:00:00","29.10","-116.00",,,"1","6","2","5","4","5",,"1",,"320","4","87","1","98",,,"10140",,,"8","195",,"170","153","3","213","1","1","1","4","0","0",,,,,,,"238","96","798","172","5","1","2","1","111111","111AA111111AAA","5",,,,,,,,
"V7MF7","2017-09-19T08:00:00","23.30","-117.90",,,"1","4","0","0","3","3",,"1","0","361","3","67",,,,,"10130","6","20","3","210","0","190","180","1","230","8","8","7","1","4","A",,,,"32","8","4","238","37","992","114","5","1","2","1","111111","12AAA111111A11",,"1",,,,,,,"4"
"C6QM8","2017-09-19T17:00:00","27.00","-114.60",,,"1","6","2","5","3","4",,"1",,"320","4","62","1","98",,"0","10130","4","0","8","200",,"190","184","3","190","0","0","0","9","0","0",,,,,,,"238","74","798","172","5","1","2","2","111111","111A1111111AA1","5",,"0",,,,,,
"2HDG2","2017-09-19T18:00:00","20.40","-114.00",,,"1","6","2","5","2","4",,"1",,"260","4","103","1","97",,"8","10163","0","0","8","250",,"240","236","1","270",,,"A",,"A","A",,"5","3",,,,"238","4","798","172","5","1","2","2","115111","111A11111181A1","5",,"2",,,,,,
"C6QM8","2017-09-19T19:00:00","26.30","-114.00",,,"1","6","2","5","3","5",,"1",,"330","4","67","1","98",,,"10140",,,"8","223",,"200","187","3","225","0","0","0","9","0","0",,"4","4","33","4","4","238","64","798","172","5","1","2","2","111111","111AA11111111A","5",,,"13","2","2",,,
"9VKU8","2017-09-20T00:00:00","20.40","-110.20",,,"1","5","2","5","6","3",,"1",,"150","4","129","1","98","3",,"10101",,,"8","270",,"250","243",,,"2","1","1","9","4","4","0",,"0",,,,"238","0","798","172","5","1","2","2","F11511","1111A1111A13AA","5",,,,,,,,
"C6QM8","2017-09-20T01:00:00","25.20","-113.00",,,"1","5","2","5","3","4",,"1",,"330","4","62","1","98",,"0","10130","4","0","8","260",,,,,,"2",,"A","A","A","A",,,,,,,"238","53","798","172","5","1","2","2","F1111F","111A111AAA1AA1","5",,"0",,,,,,
"C6QM8","2017-09-20T04:00:00","24.10","-112.00",,,"1","6","2","5","3","4",,"1",,"220","4","77","1","98","1","0","10120","4","0","8","250",,"240","235","3","220","0","0","0","9","0","0",,,,,,,"238","42","798","172","5","1","2","1","111311","11111111111AA1","5",,"0",,,,,,
"9VKU8","2017-09-20T06:00:00","21.10","-111.70",,,"1","6","2","5","6","3",,"1",,"150","4","77","1","98","3","0","10125",,,"8","270",,"210","182","1","270","2","1","A","9","A","A",,,,,,,"238","11","798","172","5","1","2","1","111312","11111111111AAA","5",,"0",,,,,,
"V7MF7","2017-09-20T08:00:00","20.30","-113.70",,,"1","6","2","5","2","3",,"1",,"180","3","72",,,,,"10110",,,"8","250",,"240","240","1","210","5","5","1","3","3","A",,,,"32","6","5","238","3","798","172","5","1","2","1","411311","11AAA111111A1A","5",,,,,,,,
"C6QM8","2017-09-20T09:00:00","23.20","-110.80",,,"1","6","2","5","3","4",,"1",,"260","4","41","1","98",,,"10125",,,"8","252",,"240","235","3","280","4","4","0","6","4","0",,,,,,,"238","30","798","172","5","1","2","1","111111","111AA111111AAA","5",,,,,,,,
"2FRE8","2017-09-20T11:00:00","26.70","-116.30",,,"1","6","2","5","2","4",,"1",,,"4",,,,"1","2","10130",,,"8","200",,"180","167","1","263","1",,"A","A","A","A",,"12","2",,,,"238","66","798","172","5","1","2","1","316111","11A111111111AA","5",,"1",,,,,,
"9VKU8","2017-09-20T18:00:00","22.40","-114.70",,,"1","4","0","0","7","3",,"1","0","130","4","103",,"98","2",,"10125","4","0","0","260","0","220","203","1","250","2","1","A","8","0","0",,"1","1","0",,,"238","24","992","114","5","1","2","2","112311","1111A111111131",,"1",,"0",,,,,"4"
"DGAF","2017-09-20T18:00:00","22.90","-111.20",,,"1","6","2","5","7","4",,"1",,"10","4","26","1","98","2","0","10123","0","3","8","277",,,"217","3","270","3","3","1","5","0","0",,,,"27","10","2","238","21","798","172","5","1","2","2","111111","1111111A111A11","5",,"0",,,,,,
"V7MF7","2017-09-20T19:00:00","20.10","-111.90",,,"1","5","2","5","2","3",,"1",,"30","3","26","1","97","3","2","10120","4","0","8","250",,"240","240",,,"7","5","6","5","4","A",,"4","4","16","4","4","238","1","798","172","5","1","2","2","F11111","111111111A1111","5",,"2",,,,,,
"2FRE8","2017-09-20T23:00:00","24.60","-113.40",,,"1","4","0","0","3","4",,"1","0","90","4","41",,"98","1","2","10110",,,"0","310","0","270","254","1","290","1","1","1","5","0","0",,"6","0","0",,,"238","43","992","114","5","1","2","2","131111","1111111111113A",,"1","2","0",,,,,"4"
"C6QM8","2017-09-21T04:00:00","23.60","-111.50",,,"1","6","2","5","7","4",,"1",,"290","4","62","1","98","1","0","10100","6","10","8","240",,"220","210","3","230","1",,"1","4","A","2",,,,,,,"238","31","798","172","5","1","2","1","111111","11111111111AA1","5",,"0",,,,,,
"DGAF","2017-09-21T06:00:00","25.90","-114.00",,,"1","6","2","5","7","4",,"1",,"310","4","41","1","98","1","1","10116","1","7","8","230",,,"198","3","260","0","0","0","9","0","0",,,,,,,"238","54","798","172","5","1","2","1","111111","1111111A111AA1","5",,"1",,,,,,
"C6QM8","2017-09-21T07:00:00","24.50","-112.30",,,"1","6","2","5","7","5",,"1",,"320","4","36","1","98",,,"10110",,,"8","243",,"220","208","3","270","4","4","A","5","7","0",,,,,,,"238","42","798","172","5","1","2","1","111111","111AA111111AAA","5",,,,,,,,
"2FRE8","2017-09-21T10:00:00","22.90","-110.80",,,"1","6","2","5","3","4",,"1",,"170","4","51",,,"1","2","10110",,,"8","240",,"220","210","1","310","1","1","A","A","A","A",,,,,,,"238","20","798","172","5","1","2","1","111111","11A11111111AAA","5",,"2",,,,,,
"C6QM8","2017-09-21T11:00:00","25.90","-113.40",,,"1","5","2","5","7","4",,"1",,"320","4","36",,,,"0","10110","4","0","8","240",,,,,,"2",,"A","A","A","A",,,,,,,"238","53","798","172","5","1","2","1","F1111F","11AA111AAA1AA1","5",,"0",,,,,,
"9VKU8","2017-09-21T12:00:00","24.20","-119.10",,,"1","6","2","5","7","4",,"1",,"10","4","87","1","97","2","2","10113","7","3","8","210",,"200","195","1","240","6","6","8","6","5","6","0","1","0",,,,"238","49","798","172","5","1","2","1","111111","111111111113A1","5",,"2",,,,,,
"A8HZ4","2017-09-21T12:00:00","29.30","-120.00",,,"1","6","2","5","3","4",,"1",,"320","4","62","1","98",,,"10150","4","0","8","200",,"180","167","1","230","8","8","7","A","A","A",,,,,,,"237","90","798","172","5","1","2","1","111111","111AA111111AA1","5",,,,,,,,
"C6QM8","2017-09-21T16:00:00","26.80","-114.40",,,"1","6","2","5","7","4",,"1",,"20","4","26","1","98","3","2","10120","1","10","8","200",,"180","167","3","220","7",,"7","2","7","A",,,,,,,"238","64","798","172","5","1","2","2","111111","11111111111AA1","5",,"2",,,,,,
"A8HZ4","2017-09-21T18:00:00","28.30","-118.20",,,"1","6","2","5","3","4",,"1",,"300","4","93",,,,,"10150",,,"8","230",,"200","183","1","200","6",,"7","2","7","A",,,,,,,"238","88","798","172","5","1","2","2","111111","11AAA111111AAA","5",,,,,,,,
"DGAF","2017-09-21T18:00:00","29.00","-116.50",,,"1","6","2","5","7","4",,"1",,"320","4","57","1","98","3","1","10131","0","4","8","225",,,"141","3","220","7","7","7","A","7","A",,,"2","31","12","5","238","96","798","172","5","1","2","2","111111","1111111A111311","5",,"1",,,,,,
"C6QM8","2017-09-21T19:00:00","27.60","-115.20",,,"1","6","2","5","7","4",,"1",,"340","4","62","1","98",,,"10110",,,"8","202",,"180","166","3","200","2","2","0","7","4","0",,"8","4","31","8","4","238","75","798","172","5","1","2","2","111111","111AA11111111A","5",,,,,,,,
"C6QM8","2017-09-21T20:00:00","27.90","-115.40",,,"1","6","2","5","7","5",,"1",,"330","4","41","1","98",,,"10120",,,"8","200",,"180","167","3","200","0","0","0","9","0","0",,"9","7","31","8","7","238","75","798","172","5","1","2","2","111111","111AA11111111A","5",,,,,,,,
"A8HZ4","2017-09-22T00:00:00","27.20","-116.40",,,"1","6","2","5","3","4",,"1",,"320","4","62","1","98",,,"10130","7","20","8","220",,"180","154","1","250","5","5","5","5","A","A",,"7","4","32","7","4","238","76","798","172","5","1","2","2","111111","111AA111111111","5",,,,,,,,
"D5KA4","2017-09-22T00:00:00","28.80","-118.40",,,"1","6","2","5","3","4",,"1",,"350","3","77","1","98","2","0","10125","5","11","8","201",,,"161","3","210","3",,"4","5","A","A",,"5","2","32","10","5","238","88","798","172","5","1","2","2","111111","1111111A111111","5",,"0",,,,,,
"VRME7","2017-09-22T00:00:00","28.70","-119.90",,,"1","6","2","5","3","4",,"1",,"350","4","82","1","97","3","2","10080","6","10","8","190",,"180","174","3","213","7","6","6","2","7","0",,"4","3","34","6","6","238","89","798","172","5","1","2","2","111111","11111111111111","5",,"2",,,,,,
"VROQ8","2017-09-22T03:00:00","23.50","-116.10",,,"1","4","0","0","3","3",,"1","0","20","4","108",,"98","58",,"10070","0",,"0","240","0","230","225",,"220","8",,"8","5","A","A",,,,"38","3","4","238","36","992","114","5","1","2","1","111111","1111A111111A17",,"1",,,,,,,"4"
"A8HZ4","2017-09-22T06:00:00","26.20","-114.60",,,"1","6","2","5","3","4",,"1",,"300","4","93",,,,,"10120","6","10","8","210",,"200","194","1","200","5",,"4","5","A","A",,,,,,,"238","64","798","172","5","1","2","1","111111","11AAA111111AA1","5",,,,,,,,
"D5KA4","2017-09-22T06:00:00","27.60","-116.80",,,"1","6","2","5","3","4",,"1",,"290","3","72","1","98","2","2","10129","0","4","8","208",,,"156","3","220","8","8","7","2","A","A",,"5","2",,,,"238","76","798","172","5","1","2","1","111111","1111111A1111A1","5",,"2",,,,,,
"H3VS","2017-09-22T09:00:00","25.30","-113.10",,,"1","6","2","5","7","5",,"1",,"340","3","87","1","98","2","1","10120","4","0","8","250",,"230","222","3","260","9","9","A","A","A","A",,"7","4",,,,"238","53","798","172","5","1","2","1","111111","111111111141A1","5",,"1",,,,,,
"D5KA4","2017-09-22T12:00:00","26.50","-115.20",,,"1","6","2","5","3","4",,"1",,"360","3","77","1","98","3","1","10109","6","10","8","210",,,"172","3","223",,,"A",,"A","A",,"5","2","34","10","4","238","65","798","172","5","1","2","1","111111","1111111A118111","5",,"1",,,,,,
"H3VS","2017-09-22T12:00:00","26.00","-113.70",,,"1","5","2","5","7","4",,"1",,"20","3","77","1","98",,,"10120",,,,,,,,,,,,"A",,"A","A",,"8","2",,,,"238","63","798","172","5","1","2","1","FF111F","111AA1AAAA81AA","5",,,,,,,,
"VRME7","2017-09-22T12:00:00","26.40","-116.10",,,"1","6","2","5","3","4",,"1",,"350","4","87","1","98","22","2","10090","4","5","8","205",,"180","167","3","229",,,"A",,"A","A",,,,,,,"238","66","798","172","5","1","2","1","111111","11111111118AA7","5",,"2",,,,,,
"A8SI7","2017-09-22T15:00:00","27.30","-119.70",,,"1","6","2","5","3","4",,"1",,"20","4","72","1","98","2","2","10160","6","10","8","207",,"159","122","1","223","8","8","8","5","A","A",,"6","2",,,,"238","79","798","172","5","1","2","2","111111","111111111111A1","5",,"2",,,,,,
"A8HZ4","2017-09-22T18:00:00","23.30","-112.00",,,"1","6","2","5","3","4",,"1",,"300","4","93",,,,,"10130","4","0","8","210",,"190","178","1","200","6",,"2","4","A","A",,,,,,,"238","32","798","172","5","1","2","2","211111","11AAA111111AA1","5",,,,,,,,
"D5KA4","2017-09-22T18:00:00","25.20","-113.80",,,"1","6","2","5","3","4",,"1",,"10","3","62","1","98","2","2","10114","7","3","8","280",,,"175","3","242","8","8","A","6","2","A",,"3","1","34","14","5","238","53","798","172","5","1","2","2","111112","1111111A111111","5",,"2",,,,,,
"A8SI7","2017-09-22T21:00:00","26.20","-118.10",,,"1","6","2","5","3","4",,"1",,"360","4","103","1","98","3","2","10150","8","10","8","226",,"171","131","1","230","8","6","7","3","1","A",,"9","4","36","10","4","238","68","798","172","5","1","2","2","111112","11111111111111","5",,"2",,,,,,
"D5KA4","2017-09-23T00:00:00","24.00","-112.60",,,"1","6","2","5","3","4",,"1",,"330","3","77","1","98","3","1","10086","7","17","8","242",,,"199","3","250","5",,"4","5","A","A",,"5","2","35","10","5","238","42","798","172","5","1","2","2","111111","1111111A111111","5",,"1",,,,,,
"A8SI7","2017-09-23T03:00:00","25.00","-116.50",,,"1","6","2","5","3","4",,"1",,"360","4","77","1","98","2","0","10130","6","10","8","223",,"177","146","1","243","3","3","1","5","0","0",,"7","3",,,,"238","56","798","172","5","1","2","1","111111","111111111111A1","5",,"0",,,,,,
"VRGM7","2017-09-23T03:00:00","26.90","-117.70",,,"1","6","2","5","3","4",,"1",,"350","3","82","1","97","2","2","10130","0","0","8","210",,"170","142","7","240","6","6","3","6","4","A",,"6","1","32","8","3","238","67","798","172","5","1","2","1","111111","11111111111111","5",,"2",,,,,,
"D5KA4","2017-09-23T06:00:00","22.90","-111.10",,,"1","6","2","5","3","4",,"1",,"330","3","77","1","98","1","1","10089","0","1","8","246",,,"197","3","266","6","6","8","5","A","A",,"4","2",,,,"238","21","798","172","5","1","2","1","111111","1111111A1111A1","5",,"1",,,,,,
"VRGM7","2017-09-23T06:00:00","26.30","-116.90",,,"1","6","2","5","3","4",,"1",,"320","3","77","1","98","1","0","10120","8","10","8","210",,"170","142","7","240","2","2","1","5","0","0",,"5","2","32","6","3","238","66","798","172","5","1","2","1","111111","11111111111111","5",,"0",,,,,,
"A8SI7","2017-09-23T07:00:00","24.30","-115.60",,,"1","6","2","5","3","4",,"1",,"10","4","72","1","98","3","2","10130","8","10","8","240",,"184","147","1","230","8","8","7","4","A","A",,"6","2","36","9","2","238","45","798","172","5","1","2","1","111112","11111111111111","5",,"2",,,,,,
"VRGM7","2017-09-23T13:00:00","24.60","-115.10",,,"1","6","2","5","3","4",,"1",,"320","3","77","1","97","3","2","10110","5","10","8","220",,"180","154","7","230","6","6","4","6","6","A","0","10","0","36","8","2","238","45","798","172","5","1","2","1","111111","11111111111811","5",,"2",,,,,,
"A8SI7","2017-09-23T15:00:00","22.50","-113.40",,,"1","4","0","0","3","4",,"1","0","340","4","93",,"98","3","1","10125","1","5","0","247","0","193","159","1","264","7","7","5","5","A","A",,"8","4","0",,,"238","23","992","114","5","1","2","2","111111","11111111111131",,"1","1","0",,,,,"4"
"A8SI7","2017-09-23T18:00:00","22.00","-112.70",,,"1","6","2","5","3","4",,"1",,"360","4","103","1","98","3","2","10125","8","5","8","275",,"193","139","1","280","6","3","7","3","4","4",,"10","4","36","10","4","238","22","798","172","5","1","2","2","111114","11111111111111","5",,"2",,,,,,
"VRGM7","2017-09-23T18:00:00","23.40","-113.90",,,"1","6","2","5","3","4",,"1",,"320","3","87","1","98","3","1","10120","3","10","8","250",,"200","170","7","260","6","5","4","5","4","0",,"5","2","32","6","2","238","33","798","172","5","1","2","2","111111","11111111111111","5",,"1",,,,,,
"VRGM7","2017-09-24T01:00:00","21.70","-112.20",,,"1","6","2","5","3","4",,"1",,"350","3","77","1","98","2","0","10090","6","20","8","250",,"220","205","7","280","6","6","A","6","6","A",,"3","1","35","6","3","238","12","798","172","5","1","2","2","111111","11111111111111","5",,"0",,,,,,
"A8SI7","2017-09-24T03:00:00","20.00","-110.30",,,"1","4","0","0","3","4",,"1","0","330","4","98",,"98","2","1","10100","4","0","0","246","0","213","195","1","219","4","4","4","6","A","A",,"9","4","0",,,"238","0","992","114","5","1","2","1","411111","11111111111131",,"1","1","0",,,,,"4"
"TBWUK89","2017-09-24T05:00:00","24.20","-110.30",,,"1","5","2","5","9","0",,"1",,"180","4","82","1","97","0","0","10077","2","14","8","250",,"204","177",,,"2","2","1","5","0","0",,"7","1","32","8","1","238","40","798","172","5","1","2","1","F11311","111111111A1111","5",,"0",,,,,,
"VRGM7","2017-09-24T05:00:00","20.80","-111.30",,,"1","6","2","5","3","4",,"1",,"320","3","77","1","98","2","1","10090","3","10","8","250",,"210","188","7","270","4","4","5","5","A","A",,,,,,,"238","1","798","172","5","1","2","1","111111","11111111111AA1","5",,"1",,,,,,
"VRGM7","2017-09-24T06:00:00","20.50","-111.00",,,"1","6","2","5","3","4",,"1",,"320","3","77","1","98","3","1","10090","4","0","8","250",,"210","188","7","270","5","5","1","5","A","A",,,,,,,"238","1","798","172","5","1","2","1","111111","11111111111AA1","5",,"1",,,,,,
"9VBU6","2017-09-24T12:00:00","24.80","-117.20",,,"1","5","2","5","3","3",,"1",,"260","4","57","1","97","1",,"10124",,,"8","200",,"180","169",,,"5",,,"A",,,,,,,,,"238","47","798","172","5","1","2","1","F11111","1111A1111A1AAA","5",,,,,,,,
"A8RW5","2017-09-24T12:00:00","28.70","-119.70",,,"1","4","0","0","3","4",,"1","0","340","3","87",,"97","2","1","10124","6",,"0","191",,,"191","3","210","6","5","4","4","4","A",,"6","3","38","9","6","238","89","992","114","5","1","2","1","111113","1111111A111117",,"1","1",,,,,,"4"
"H3VS","2017-09-24T12:00:00","29.90","-116.60",,,"1","6","2","5","4","4",,"1",,"320","3","62","1","98",,,"10120","0","0","8","180",,"160","148","3","200","3","3","A","6","A","A",,"4","4",,,,"238","96","798","172","5","1","2","1","111111","111AA1111111A1","5",,,,,,,,
"ZCDG4","2017-09-24T13:00:00","29.90","-116.50",,,"1","6","2","5","4","4",,"1",,"350","4","62","1","98","2","0","10109","4","0","8","185",,"160","142","1","210","4","4","A","6","A","A",,"4","1","31","7","4","238","96","798","172","5","0",,"1","111111","11111111111111","5",,"0",,,,,,
"WDF4764","2017-09-24T18:00:00","22.40","-110.80",,,"1","5","2","5","7","3",,"1",,"320","4","118",,,,,"10098",,,"8","255",,"222","205",,,,,"A",,"A","A",,,,,,,"238","20","798","172","5","1","2","2","F11111","11AAA1111A8AAA","5",,,,,,,,
"A8PX5","2017-09-24T20:00:00","24.20","-113.00",,,"1","6","2","5","7","4",,"1",,"320","3","108","1","98",,,"10100","7","10","8","240",,"190","158","3","240","4",,"4","A","A","A",,"7","4","23","8","4","238","43","798","172","5","1","2","2","111111","111AA111111111","5",,,,,,,,
"MASKSTID","2017-09-24T20:00:00","24.20","-113.00",,,"1","4",,"0","7",,,"2","0","320","3","108",,"98","3",,"10100","7","10",,"240",,,"158","1",,"4",,,"A",,,,,,,,,"238","43","792","103","5","1","2","2","F11111","1111A11A1A1AA1",,"1",,,,,,,"4"
"H3VS","2017-09-24T21:00:00","27.30","-115.00",,,"1","6","2","5","3","3",,"1",,"300","3","77",,,,"0","10120","4","0","8","220",,"190","175","3","210","4","1","1","4","2","1",,"6","3","33","10","4","238","75","798","172","5","1","2","2","111111","11AA1111111111","5",,"0",,,,,,
"ZCDG4","2017-09-24T21:00:00","27.50","-115.20",,,"1","6","2","5","3","4",,"1",,"350","4","57","1","98","2","0","10113","2","5","8","210",,"185","169","1","200","0","0","0","9","0","0",,"4","3","29","7","4","238","75","798","172","5","1","2","2","111111","11111111111111","5",,"0",,,,,,
"9VBU6","2017-09-25T00:00:00","23.00","-114.50",,,"1","5","2","5","3","3",,"1",,"270","4","108","1","98","1",,"10104",,,"8","310",,"280","271",,,"4",,,"7",,,,,"1",,,,"238","34","798","172","5","1","2","2","F35111","1111A1111A13AA","5",,,,,,,,
"A8VF7","2017-09-25T00:00:00","24.90","-115.80",,,"1","6","2","5","5","4",,"1",,"150","4","67","1","97","5","5","10190","0","0","8","225",,,,"3","220","6","3","4","5","7","A",,"8","3","15","8","2","238","45","798","172","5","1","2","2","11131F","1111111AA11111","5",,"5",,,,,,
"PFBF","2017-09-25T00:00:00","25.63","-119.12",,,"1","6","2","5","3","3",,"1",,"360",,"67","1","98","2","0","10143","7","7","8","241",,"191","165","1","200","6","3","5","4","6","0",,"2","2","31","8","4","238","59","798","172","5","1","2","2","111111","11111111111111","5",,"0",,,,,,
"WDF4764","2017-09-25T00:00:00","23.20","-111.90",,,"1","5","2","5","7","3",,"1",,"310","4","113","1","98",,,"10102","2","9","8","266",,"233","218",,,"3","3","1","5","A","A",,"5","2","32","7","3","238","31","798","172","5","1","2","2","F11111","111AA1111A1111","5",,,,,,,,
"ZCDG4","2017-09-25T01:00:00","26.40","-115.20",,,"1","6","2","5","3","4",,"1",,"300","4","129","1","98","2","0","10113","4","0","8","230",,"185","156","1","230","4","4","1","5","0","0",,,,"12","7","3","238","65","798","172","5","1","2","2","115111","11111111111A11","5",,"0",,,,,,
"WDF4764","2017-09-25T06:00:00","24.00","-112.60",,,"1","5","2","5","7","3",,"1",,"320","4","118",,,,,"10120","3","4","8","200",,"200","200",,,,,"A",,"A","A",,,,,,,"238","42","798","172","5","1","2","1","F11113","11AAA1111A8AA1","5",,,,,,,,
"A8NQ6","2017-09-25T09:00:00","22.80","-111.00",,,"1","6","2","5","7","4",,"1",,"300","4","129","1","97","3","2","10085","3","10","8","240",,"210","194","3","240","8","6","3","3","2","A",,"10","7","28","10","5","238","21","798","172","5","1","2","1","113111","11111111111111","5",,"2",,,,,,
"H3VS","2017-09-25T09:00:00","24.10","-111.90",,,"1","6","2","5","3","5",,"1",,"320","3","62","1","98","3",,"10110",,,"8","230",,"200","185","3","270","9","9","A","A","A","A",,"7","4",,,,"238","41","798","172","5","1","2","1","111111","1111A1111141AA","5",,,,,,,,
"C6QM8","2017-09-25T10:00:00","29.90","-116.40",,,"1","5","2","5","3","4",,"1",,"310","4","51","1","98",,,"10110","4","0","8","190",,,,,,"2",,"A","A","A","A",,,,,,,"238","96","798","172","5","1","2","1","F1111F","111AA11AAA1AA1","5",,,,,,,,
"A8RW5","2017-09-25T12:00:00","24.20","-113.60",,,"1","4","0","0","3","4",,"1","0","340","3","62",,"97","2","1","10091","5",,"0","214",,,"197","3","232","5","4","1","4","4","A",,,,"38","8","7","238","43","992","114","5","1","2","1","111111","1111111A111A17",,"1","1",,,,,,"4"
"H3VS","2017-09-25T12:00:00","23.50","-110.90",,,"1","6","2","5","3","4",,"1",,"340","3","93","1","98",,"0","10110","4","0","8","230",,"210","201","3","280",,,"A",,"A","A",,"10","2",,,,"238","30","798","172","5","1","2","1","111111","111A11111181A1","5",,"0",,,,,,
"PFBF","2017-09-25T12:00:00","24.50","-116.80",,,"1","4","0","0","3","3","1","1","0","330","4","72",,,"2","0","10133","7","5","0","211","0","191","181","1","195","4",,,"A",,,,"3","2",,,,"238","46","992","114","5","1","2","1","111111","11A111111111A1",,"1","0",,,,,,"4"
"WDF4764","2017-09-25T12:00:00","25.20","-113.60",,,"1","5","2","5","7","3",,"1",,"320","4","82","1","99",,,"10105",,,"8","211",,"178","156",,,"3","3","A","A","A","A",,,,,,,"238","53","798","172","5","1","2","1","F11111","111AA1111A1AAA","5",,,,,,,,
"ZCDG4","2017-09-25T13:00:00","23.70","-111.20",,,"1","6","2","5","3","4",,"1",,"330","4","51","1","97","2","0","10083","6","30","8","225",,"205","194","1","280","4","4","4","5","4","0",,"6","3","12","7","3","238","31","798","172","5","1","2","1","111111","11111111111111","5",,"0",,,,,,
"2FRK8","2017-09-25T16:00:00","28.40","-119.10",,,"1","4","0","0",,,,"1","0","340","3","51",,"97","2",,"10120",,,"0","210",,,,"3","210","3",,,"A",,,,,"2","3",,"2","238","89","992","114","5","1","2","2","11111F","1111A11AA1133A",,"1",,,,,,,"4"
"C6QM8","2017-09-25T17:00:00","28.00","-115.50",,,"1","6","2","5","3","4",,"1",,"330","4","41","1","98",,,"10100",,,"8","220",,"185","163","3","207","0","0","0","9","0","0",,"12","4","34","12","4","238","85","798","172","5","1","2","2","111111","111AA11111111A","5",,,,,,,,
"WDF4764","2017-09-25T18:00:00","26.30","-114.50",,,"1","5","2","5","7","3",,"1",,"320","4","82",,,,,"10120",,,"8","211",,"177","154",,,,,"A",,"A","A",,,,,,,"238","64","798","172","5","1","2","2","F11111","11AAA1111A8AAA","5",,,,,,,,
"2FRK8","2017-09-25T20:00:00","27.60","-118.00",,,"1","4","0","0",,,,"1","0","340","3","82",,"97","2",,"10120",,,"0","220",,,,"3","210","4",,,"A",,,,,"2","32",,"2","238","78","992","114","5","1","2","2","11111F","1111A11AA1133A",,"1",,,,,,,"4"
"A8PX5","2017-09-25T20:00:00","28.10","-119.10",,,"1","6","2","5","7","4",,"1",,"320","3","87","1","98",,,"10120","4","0","8","220",,"185","163","3","210","2",,"1","A","A","A",,"5","3","29","6","4","238","89","798","172","5","1","2","2","111111","111AA111111111","5",,,,,,,,
"C6QM8","2017-09-25T20:00:00","27.40","-115.00",,,"1","4","0","0","3","4","1","1","0","310","4","62",,"98",,,"10100","0",,"0","220","0","200","189","3","200","0","0","0","9","0","0",,,,"0",,,"238","75","992","114","5","1","2","2","111111","111AA111111A37",,"1",,"0",,,,,"4"
"PFRO","2017-09-25T21:00:00","23.00","-110.10",,,"1","4","0","0","0","0",,"1","0","310","4","103",,"98","2","2","10070","4","0","0","265","0","260","258","1","310","3","2","4","5","7","A",,"5","1","38","4","1","238","30","992","114","5","1","2","2","111111","11111111111111",,"1","2",,,,,,"4"
"A8NQ7","2017-09-25T22:00:00","22.80","-111.10",,,"1","6","2","5","3","4",,"1",,"320",,"62","1","98","2","1","10090","8","10","8","250","0","210","191","7","290","3","3","1","5","0","8","32","5","2","33","10","3","238","21","798","172","5","0",,"2","111111","11111111111111","5",,"1",,,,,,
"A8RW5","2017-09-26T00:00:00","22.20","-110.20",,,"1","6","2","5","3","4",,"1",,"350","3","87","1","97","2","1","10075",,,"8","268",,,"161","3","282","7","6","4","4","4","A",,,,"32","8","6","238","20","798","172","5","1","2","2","111114","1111111A111A1A","5",,"1",,,,,,
"PFBF","2017-09-26T00:00:00","23.40","-114.40",,,"1","4","0","0","3","3","1","1","0","320","4","57",,"98","2","0","10108","6","7","0","281","0","221","194","1","230","4","3","1","4","6","A",,"2","1","33","5","4","238","34","992","114","5","1","2","2","111111","11111111111111",,"1","0",,,,,,"4"
"WDF4764","2017-09-26T00:00:00","27.20","-115.30",,,"1","5","2","5","7","3",,"1",,"320","4","82","1","98",,,"10115","8","3","8","266",,"222","199",,,"0","0","A","9","A","A",,"3","1","32","7","2","238","75","798","172","5","1","2","2","F11111","111AA1111A1111","5",,,,,,,,
"2FRK8","2017-09-26T01:00:00","26.80","-116.80",,,"1","4","0","0",,,,"1","0","340","3","67",,"97","2",,"10100",,,"0","220",,,,"3","220","3",,,"A",,,,,"2","36",,"2","238","66","992","114","5","1","2","2","11111F","1111A11AA1133A",,"1",,,,,,,"4"
"C6QM8","2017-09-26T01:00:00","26.10","-113.80",,,"1","5","2","5","3","4",,"1",,"290","4","72","1","98",,,"10100","4","0","8","210",,,,,,"2",,"A","A","A","A",,,,,,,"238","63","798","172","5","1","2","2","F1111F","111AA11AAA1AA1","5",,,,,,,,
"C6QM8","2017-09-26T03:00:00","25.70","-113.50",,,"1","6","2","5","3","4",,"1",,"290","4","67","1","98",,,"10090","5","10","8","208",,"190","179","3","210","0","0","0","9","0","0",,,,,,,"238","53","798","172","5","1","2","1","111111","111AA111111AA1","5",,,,,,,,
"PFRO","2017-09-26T04:00:00","24.30","-112.00",,,"1","4","0","0","7","4",,"1","0","320","4","57",,"98","2","0","10080","2","13","0","220","0","200","189","1","280","2","2","A","A","A","A",,"3","1","38","4","2","238","42","992","114","5","1","2","1","111111","11111111111111",,"1","0",,,,,,"4"
"PFRO","2017-09-26T05:00:00","24.50","-112.30",,,"1","4","0","0","7","4",,"1","0","330","4","62",,"98","3","1","10090","2","20","0","220","0","195","180","1","280","4","4","A","A","A","A",,"3","1","38","4","2","238","42","992","114","5","1","2","1","111111","11111111111111",,"1","1",,,,,,"4"
"TBWUK89","2017-09-26T06:00:00","24.20","-110.30",,,"1","4","0","0","0","0",,"1","0","170","4","62",,"98","1","0","10095","5","4","0","240","0","208","190","1","245",,,,"A",,,,"5","1","0",,,"238","40","992","114","5","1","2","1","111111","11111111118131",,"1","0","0",,,,,"4"
"WDF4764","2017-09-26T06:00:00","28.20","-116.20",,,"1","5","2","5","7","3",,"1",,"330","4","103",,,,,"10114",,,"8","188",,"177","170",,,,,"A",,"A","A",,,,,,,"238","86","798","172","5","1","2","1","F11111","11AAA1111A8AAA","5",,,,,,,,
"PFRO","2017-09-26T07:00:00","25.00","-112.90",,,"1","4","0","0","7","4",,"1","0","290","4","51",,"98","0","2","10090","2","20","0","210","0","200","194","1","260","5","5","A","A","A","A",,"99",,"38",,"2","238","52","992","114","5","1","2","1","111111","11111111111731",,"1","2",,,,,,"4"
"C6QM8","2017-09-26T08:00:00","24.60","-112.50",,,"1","4","0","0","3","4","1","1","0","320","4","41",,"98",,,"10100","0",,"0","200","0","180","167","3","200","0","0","0","9","0","0",,,,"0",,,"238","42","992","114","5","1","2","1","111111","111AA111111A37",,"1",,"0",,,,,"4"
"PFRO","2017-09-26T08:00:00","25.20","-113.10",,,"1","4","0","0","7","4",,"1","0","300","4","46",,"98","0","2","10100","2","10","0","210","0","200","194","1","260","5","5","A","A","A","A",,"99",,"38",,"2","238","53","992","114","5","1","2","1","111111","11111111111731",,"1","2",,,,,,"4"
"PFRO","2017-09-26T09:00:00","25.40","-113.30",,,"1","6","2","5","7","4",,"1",,"300","4","31","1","98","0","2","10095","3","10","8","210",,"200","194","1","260","5","5","A","A","A","A",,,,,,,"238","53","798","172","5","1","2","1","111111","11111111111AA1","5",,"2",,,,,,
"PFRO","2017-09-26T10:00:00","25.70","-113.60",,,"1","6","2","5","7","4",,"1",,"270","4","21","1","98","0","2","10090","0","5","8","210",,"200","194","1","260","5","5","A","A","A","A",,,,,,,"238","53","798","172","5","1","2","1","111111","11111111111AA1","5",,"2",,,,,,
"C6QM8","2017-09-26T11:00:00","24.00","-115.90",,,"1","5","2","5","3","4",,"1",,"330","4","41","1","98",,,"10100","4","0","8","210",,,,,,"4",,"A","A","A","A",,,,,,,"238","45","798","172","5","1","2","1","F1111F","111AA11AAA1AA1","5",,,,,,,,
"PFRO","2017-09-26T11:00:00","25.90","-113.80",,,"1","6","2","5","7","4",,"1",,"240","4","26","1","98","0","2","10090","0","5","8","210",,"200","194","1","260","4","4","A","A","A","A",,,,,,,"238","53","798","172","5","1","2","1","111111","11111111111AA1","5",,"2",,,,,,
"PFBF","2017-09-26T12:00:00","22.30","-112.10",,,"1","4","0","0","3","3","1","1","0","300","4","57",,,"0","0","10111","5","9","0","221","0","201","191","1","220","1",,,"A",,,,"2","1",,,,"238","22","992","114","5","1","2","1","111111","11A111111111A1",,"1","0",,,,,,"4"
"WDF4764","2017-09-26T12:00:00","29.40","-116.90",,,"1","5","2","5","7","3",,"1",,"310","4","51","1","99",,"0","10113",,,"8","189",,"178","171",,,"0","0","A","9","A","A",,,,,,,"238","96","798","172","5","1","2","1","F11111","111A11111A1AAA","5",,"0",,,,,,
"C6QM8","2017-09-26T16:00:00","23.00","-110.30",,,"1","6","2","5","3","4",,"1",,"360","4","57","1","98",,,"10090",,,"8","232",,"210","198","3","260","8","8","3","5","A","A",,"12","3","36","12","3","238","30","798","172","5","1","2","2","111111","111AA11111111A","5",,,,,,,,
"TBWUK89","2017-09-26T17:00:00","24.20","-110.30",,,"1","4","0","0","0","0",,"1","0","270","4","15",,"97","2","1","10097","0","2","0","265","0","205","170",,,"6","6","2","6","6","0",,"8","1","0",,,"238","40","992","114","5","1","2","2","F11112","111111111A1131",,"1","1","0",,,,,"4"
"2FRK8","2017-09-26T18:00:00","23.10","-111.60",,,"1","4","0","0",,,,"1","0","320","3","51",,"97","2",,"10090",,,"0","270",,,,"3","270","4",,,"A",,,,,"2","5",,"2","238","31","992","114","5","1","2","2","11111F","1111A11AA1133A",,"1",,,,,,,"4"
"PFBF","2017-09-26T18:00:00","21.72","-110.95",,,"1","6","2","5","3","3",,"1",,"300",,"41","1","98",,,"10131","0","2","8","291",,"241","221","1","240","2","1","1","6","4","1",,"5","1","33","10","3","238","10","798","172","5","1","2","2","111111","111AA111111111","5",,,,,,,,
"PFRO","2017-09-26T19:00:00","28.00","-115.70",,,"1","6","2","5","7","4",,"1",,"30","4","36","1","98","2","0","10105","4","0","8","210",,"175","151","1","250","0","0","0","9","0","0",,"6","1",,,,"238","85","798","172","5","1","2","2","111111","111111111111A1","5",,"0",,,,,,
"PFRO","2017-09-26T22:00:00","28.90","-116.10",,,"1","6","2","5","7","4",,"1",,,,,"1","98","2","0","10095","2","5","8","200",,"185","176","1","250","2","1","1","4","0","0",,"6","1",,,,"238","86","798","172","5","1","2","2","31FF11","171111111111A1","5",,"0",,,,,,
"V7UU4","2017-09-27T13:00:00","29.60","-117.30",,,"1","4","0","0","4","3",,"1","0","230","4","98",,"97",,"2","10070","4","0","0","190","0","180","175","1","260","5","5","1","6","3","0",,"6","3","23","6","3","238","97","992","114","5","1","2","1","311311","111A1111111111",,"3","1","23","6","3",,,"4"
"ZCBU5","2017-09-27T13:00:00","28.80","-116.40",,,"1","6","2","5","3","4",,"1",,"10","4","41","1","97","2","0","10100","4","0","8","190",,,"182","1","220","4","4","1","2","0","0",,,,"12","3","2","238","86","798","172","5","1","2","1","111111","1111111A111A11","5",,"0",,,,,,
"VRLD8","2017-09-27T15:00:00","26.00","-115.80",,,"1","6","2","5","3","3",,"1",,"40","4","77","1","98","3","2","10060","4","0","8","230",,"200","183","1","200","2","2","2","4","A","A",,"20","4","4","20","40","238","65","798","172","5","1","2","2","112111","11111111111311","5",,"2",,,,,"0",
"TBWUK89","2017-09-27T17:00:00","24.20","-110.30",,,"1","5","2","5","9","0",,"1",,"300","4","15","1","97","1","1","10104","1","8","8","270",,"240","226",,,"5","5","2","4","6","0",,"6","1","29","8","1","238","40","798","172","5","1","2","2","F11111","111111111A1111","5",,"1",,,,,,
"V7UU4","2017-09-28T00:00:00","27.20","-117.10",,,"1","4","0","0","4","3",,"1","0","270","4","108",,"97",,"1","10100","4","0","0","260","0","230","217","1","260","4","3","1","6","0","0",,"6","3","23","6","3","238","77","992","114","5","1","2","2","115111","111A1111111111",,"3","1","23","6","3",,,"4"
"TBWUK89","2017-09-28T04:00:00","24.20","-110.30",,,"1","4","0","0","0","0",,"1","0","50","4","36",,"97","2","0","10099","2","19","0","282","0","225","195",,,"1","1","1","6","0","0",,"7","1","0",,,"238","40","992","114","5","1","2","1","F11111","111111111A1131",,"1","0","0",,,,,"4"
"V7UU4","2017-09-28T06:00:00","26.00","-117.00",,,"1","5","2","5","4","3",,"1",,"90","3","67",,,,"0","10100",,,"8","240",,"190","163",,,"3",,"1","9","A","A",,"2","2","18","2","2","238","67","798","172","5","1","2","1","F14111","11AA11111A111A","5",,"0","18","1","1",,,
"V7UU4","2017-09-28T12:00:00","24.60","-116.80",,,"1","4","0","0","4","3",,"1","0","50","4","87",,"97",,"2","10100","4","0","0","210","0","190","180","1","260","5","5","1","6","4","0",,"6","3","5","6","3","238","46","992","114","5","1","2","1","112111","111A1111111111",,"3","2","5","6","3",,,"4"
"VRLD8","2017-09-28T15:00:00","22.70","-111.30",,,"1","6","2","5","3","3",,"1",,"330","4","77","1","98","1","2","10060","4","0","8","250",,"230","220","1","220","6","6","7","4","A","A",,"20","4","34","20","5","238","21","798","172","5","1","2","2","211111","11111111111311","5",,"2",,,,,"0",
"ZCDF4","2017-09-28T16:00:00","29.20","-116.30",,,"1","6","2","5","4","4",,"1",,"360","4","26","1","98",,"1","10125","2","1","8","215",,"195","183","1","210","1","0","0","9","0","5",,"3","2","34","6","1","238","96","798","172","5","1","2","2","111111","111A1111111111","5",,"1",,,,,,
"V7UU4","2017-09-28T18:00:00","23.60","-116.10",,,"1","5","2","5","3","3",,"1",,"150","3","26","1","98",,"0","10100",,,"8","260",,"210","186",,,"0","0","0","9","A","A",,"1","1","15","1","1","238","36","798","172","5","1","2","2","F11111","111A11111A111A","5",,"0","15","1","1",,,
"ZCDF4","2017-09-28T18:00:00","27.80","-115.50",,,"1","6","2","5","4","4",,"1",,"340","4","41","1","98","2","0","10113","8","1","8","215",,"195","183","1","210","0","0","0","9","0","0",,"3","2","34","6","3","238","75","798","172","5","1","2","2","111111","11111111111111","5",,"0",,,,,,
"V7UU4","2017-09-29T02:00:00","22.00","-115.00",,,"1","4","0","0","4","3",,"1","0","20","4","51",,"97",,"1","10100","4","0","0","260","0","230","217","1","240","5","3","1","6","4","0",,"8","4","16","8","4","238","25","992","114","5","1","2","1","111111","111A1111111111",,"3","1","16","8","4",,,"4"
"ZCDF4","2017-09-29T04:00:00","25.80","-113.60",,,"1","6","2","5","3","4",,"1",,"310","4","67","1","98",,"0","10103","7","4","8","230",,"210","199","1","240","0","0","0","9","0","0",,"4","2",,,,"238","53","798","172","5","1","2","1","111111","111A11111111A1","5",,"0",,,,,,
"TBWUK89","2017-09-29T06:00:00","24.20","-110.30",,,"1","5","2","5","9","0",,"1",,"160","4","51","1","97","0","0","10111","1","20","8","267",,"230","212",,,"0","0","0","9","0","0",,"7","1",,,,"238","40","798","172","5","1","2","1","F11111","111111111A11A1","5",,"0",,,,,,
"V7UU4","2017-09-29T06:00:00","21.20","-114.50",,,"1","5","2","5","3","3",,"1",,"140","3","46",,,,,"10100",,,"8","220",,,,,,"1",,"2","9","0","A",,"1","1","14","1","1","238","14","798","172","5","1","2","1","F1111F","11AAA11AAA111A","5",,,"14","1","1",,,
"ZCDF4","2017-09-29T08:00:00","24.70","-112.60",,,"1","6","2","5","3","4",,"1",,"10","4","57","1","98","2","0","10093","7","4","8","230",,"210","199","1","240","0","0","0","9","0","0",,"4","2","34","6","3","238","42","798","172","5","1","2","1","111111","11111111111111","5",,"0",,,,,,
"H3VS","2017-09-29T09:00:00","26.00","-113.80",,,"1","6","2","5","7","4",,"1",,"10","3","103","1","98","1","0","10130","3","30","8","240",,"220","211","3","240","2","9","A","5","A","A",,"14","4","38",,,"238","63","798","172","5","1","2","1","111111","11111111113171","5",,"0",,,,,,
"MASKSTID","2017-09-29T09:00:00","26.00","-113.80",,,"1","4",,"0","7","4",,"2","0","10","3","103",,"98","1","0","10130","3","30",,"240","0","220","211","3","240","2",,"A","5","A","A",,"14","4","21","9","5","238","63","792","103","5","1","2","1","111111","111111111111A1",,"1","0",,,,,,"4"
"H3VS","2017-09-29T12:00:00","26.80","-114.50",,,"1","6","2","5","7","5",,"1",,"330","3","46","1","98",,,"10130","4","0","8","220",,"210","206","3","230","2","2","1","2","A","A",,"15","2",,,,"238","64","798","172","5","1","2","1","111111","111AA1111113A1","5",,,,,,,,
"TBWUK89","2017-09-29T17:00:00","24.20","-110.30",,,"1","4","0","0","0","0",,"1","0","290","4","26",,"97","0","0","10111","0","3","0","320","0","240","201",,,"0","0","0","9","0","0",,"8","0","31","8","1","238","40","992","114","5","1","2","2","F11114","111111111A1111",,"1","0",,,,,,"4"
"VRIZ9","2017-09-29T20:00:00","29.20","-119.90",,,"1","6","2","5","3","4",,"1",,"360","3","93","1","98","1","1","10160","6","10","8","240",,"210","194","7","210","5","5","8","4","6","2",,"7","2","35","9","4","238","99","798","172","5","1","2","2","111111","11111111111111","5",,"1",,,,,,
"PDAN","2017-09-30T02:00:00","25.10","-113.00",,,"1","4","0","0","3","5",,"1","0","310","4","82",,"98","2","0","10063","5","6","0","245","0","215","199","1","230","0","0","0","9","0","0",,"4","1","0",,,"238","53","992","114","5","1","2","1","111111","11111111111131",,"1","0","0",,,,,"4"
"C6QM8","2017-09-30T03:00:00","23.50","-111.40",,,"1","6","2","5","7","4",,"1",,"310","4","72","1","98",,,"10080",,,"8","250",,"220","204","3","270","4","4","5","5","0","0",,,,,,,"238","31","798","172","5","1","2","1","111111","111AA111111AAA","5",,,,,,,,
"VRIZ9","2017-09-30T04:00:00","27.50","-117.50",,,"1","6","2","5","3","4",,"1",,"340","3","51","1","98",,"0","10150","4","0","8","200",,"190","184","7","220","1","0","A","8","4","A",,"9","2","35","14","3","238","77","798","172","5","1","2","1","111111","111A1111111111","5",,"0",,,,,,
"TBWUK89","2017-09-30T05:00:00","24.20","-110.30",,,"1","4","0","0","0","0",,"1","0","160","4","10",,"97","2","0","10106","2","18","0","280","0","275","273",,,"0","0","0","9","0","0",,"0","0","0",,,"238","40","992","114","5","1","2","1","F11111","111111111A1131",,"1","0","0",,,,,"4"
"C6QM8","2017-09-30T08:00:00","24.70","-112.60",,,"1","6","2","5","7","4",,"1",,"360","4","46","1","98",,,"10110",,,"8","230",,"210","199","3","230","0","0","0","9","0","0",,,,"38",,,"238","42","798","172","5","0",,"1","111111","111AA111111A7A","5",,,"38",,,,,
"C6QM8","2017-09-30T11:00:00","25.60","-113.50",,,"1","5","2","5","7","4",,"1",,"290","4","62","1","98",,,"10110","4","0","8","230",,,,,,"3",,"A","A","A","A",,,,,,,"238","53","798","172","5","0",,"1","F1111F","111AA11AAA1AA1","5",,,,,,,,
"VRIZ9","2017-09-30T12:00:00","25.90","-115.40",,,"1","6","2","5","3","4",,"1",,"350","3","77","1","98","2","0","10150","6","10","8","200",,"180","167","7","200","3","3","A","7","A","6",,"6","2","36","9","4","238","55","798","172","5","0",,"1","111111","11111111111111","5",,"0",,,,,,
"C6QM8","2017-09-30T16:00:00","27.10","-114.70",,,"1","6","2","5","7","4",,"1",,"320","4","67","1","98",,,"10080",,,"8","190",,"160","138","3","200","3","3","0","7","4","0",,"8","2","32","8","2","238","74","798","172","5","0",,"2","111111","111AA11111111A","5",,,,,,,,
"VRIZ9","2017-09-30T16:00:00","25.10","-114.20",,,"1","6","2","5","3","4",,"1",,"340","3","82","1","98",,"0","10140","7","10","8","260",,"230","215","7","220","1","0","A","7","4","A",,"9","2","36","14","3","238","54","798","172","5","0",,"2","111111","111A1111111111","5",,"0",,,,,,
"C6QM8","2017-09-30T20:00:00","27.40","-115.40",,,"1","6","2","5","7","4",,"1",,"330","4","72","1","98",,,"10120",,,"8","200",,"180","167","3","210","8",,"7","2","0","0",,,,"38",,,"238","75","798","172","5","0",,"2","111111","111AA111111A7A","5",,,"38",,,,,
"VRIZ9","2017-09-30T21:00:00","24.30","-113.10",,,"1","6","2","5","3","4",,"1",,"340","3","87","1","98","2","0","10140","0","0","8","270",,"240","226","7","250","1","1","A","7","A","5",,"8","3","36","10","4","238","43","798","172","5","0",,"2","111111","11111111111111","5",,"0",,,,,,
"7KBG","2017-09-30T22:00:00","25.60","-116.20",,,"1","6","2","5","3","4",,"1",,"360","3","62","1","99","1","0","10120","0",,"8","270","0","220","198",,"240",,,,,,,,,"2","34","1","2","238","56","798","172","5","0",,"2","111111","1111111111A317","5",,"0",,,,,,
"PDAN","2017-09-30T23:00:00","22.80","-119.80",,,"1","6","2","5","9","0",,"1",,"250","4","82","1","99","2","0","10049","8","27","8","300",,"255","235","1","300","0","0","0","9","0","0",,"2","1","38",,,"238","29","798","172","5","0",,"2","553121","11111111111171","5",,"0","38",,,,,
"VRIZ9","2017-09-30T23:00:00","23.60","-112.20",,,"1","6","2","5","3","4",,"1",,"350","3","72","1","98",,"0","10120","7","20","8","290",,"260","248","7","270",,,"A",,"A","5",,"9","3","36","14","4","238","32","798","172","5","0",,"2","111111","111A1111118111","5",,"0",,,,,,
